title,sub_title
CARR CRASH,Carragher blasts 'desperate' Ferdinand in heated feud over Saudi Arabia
TUNE IN,England U21 final WILL be on TV for free after last minute schedule change
WINNING HAND,Man City legend Sergio Aguero in career move which could make him even richer
HE'S ON POINT,Man Utd fans sold on Onana after skill that would have 'broken De Gea's hip'
'NOT AGAIN',Liverpool supporters say Europa League admin is a ‘Man Utd fan with an agenda’
DEVILS' DELIGHT,Man Utd poach key man from Arsenal as Ten Hag's business steps up
DEAL PERIS-HED,Perisic 'set to RIP UP Spurs contract to make transfer after just 12 months'
,Borussia Dortmund legend Marco Reus announces shock move in unusual video
MARK IRWIN,Gerrard was axed by Villa but now he's laughing all way to bank in Saudi
CRUEL TROLLS,Tottenham star Maddison cruelly trolled after posting photo with newborn twins
BLUE REMARK,Mount claims 'Chelsea made it clear I wasn't in their plans' after Man Utd move
IN FOR THE KYL,Mbappe given transfer ultimatum and it could affect ALL his PSG team-mates
NEW LOOK,ITV make MAJOR shake-up to football coverage with pundits axed for new EFL show
PEP TALK,Guardiola bizarrely blamed for Germany's shocking recent form by ex-Man Utd star
SAFE HANDS,Man Utd ‘close to completing deal for Onana rival’ after watching him for years
,Fans all fear for Mbappe after clip of him partying with 'cursed' Kim Kardashian
LET'S BE FRANC,Chelsea told how much they will have to shell out for Brazilian wonderkid
PEST RAP,England footballers chased teen girls around hotel & barged into family’s room
IN NO HARRY,Man Utd finding it hard to sell Harry Maguire due to hidden contract clause
PEP TALK,Jesus chose to quit Man City on phone to his mum after Guardiola made him cry
BLUE DEAL,Chelsea 'set to complete signing of ANOTHER wonderkid' from Prem rivals
,Roy Keane tells hilarious story about being caught in strip club on Man Utd tour
'OOPS',Rivals say Chelsea are 'in the mud' as Brighton name huge price-tag for Caicedo
GOING DUTCH,Ten Hag heads out to dinner alone as he eyes up at least two more transfers
ED TURN,Inter Miami ‘trying to sign Hazard to link up with Messi’ as ace mulls retirement
WORK OF ART,Arsenal agree fee for Timber as Arteta takes transfer spend above £200MILLION
TRAINING DAY,Dele Alli at Everton pre-season after loan nightmare with future up in air
FOX HUNT,Newcastle ahead of Prem rivals in Barnes race but deal may see fan favourite leave
GAME ON?,Row over Greenwood's future at Man Utd - but Erik ten Hag 'open' to return
RED DEVIL MAY CARE,De Gea posts cryptic tweet as Man Utd stars arrive for pre-season
BREACH FOR THE STARS,Who is Jules Breach and what football team does she support?
WAG-NIFICENT,I'm boss of Inter Milan - I set up a secret Instagram to spy on players' Wags
ROORD'S ON BOARD,Ex-Gunner Jill Roord hails ‘dream’ WSL return after sealing Man City move
BECK & CALL,Beckham says wife Victoria 'burst into tears' when he told her about transfer
MARC MY WORD,Man Utd target had to GOOGLE HIMSELF to pass security before completing move
